{"cameraMode":{"drawMode":0,"name":"Shaded","section":"Shading Mode"},"sceneLighting":true,"audioPlay":false,"sceneViewState":{"m_AlwaysRefresh":false,"showFog":true,"showSkybox":true,"showFlares":true,"showImageEffects":true,"showParticleSystems":true,"showVisualEffectGraphs":true,"m_FxEnabled":true},"in2DMode":false,"pivot":{"x":0.5780009031295776,"y":1.2562215328216553,"z":4.641326427459717},"rotation":{"x":0.07292981445789337,"y":-0.6719965934753418,"z":0.06671726703643799,"w":0.7339913249015808},"size":0.8660253882408142,"orthographic":false}