{"cameraMode":{"drawMode":0,"name":"Shaded","section":"Shading Mode"},"sceneLighting":false,"audioPlay":false,"sceneViewState":{"m_AlwaysRefresh":false,"showFog":true,"showSkybox":true,"showFlares":true,"showImageEffects":true,"showParticleSystems":true,"showVisualEffectGraphs":true,"m_FxEnabled":true},"in2DMode":false,"pivot":{"x":0.03924828767776489,"y":2.4617066383361818,"z":-14.128829002380371},"rotation":{"x":-0.013937517069280148,"y":0.9706047177314758,"z":-0.23321671783924104,"w":-0.058013852685689929},"size":1.5184496641159058,"orthographic":false}