{"cameraMode":{"drawMode":0,"name":"Shaded","section":"Shading Mode"},"sceneLighting":false,"audioPlay":false,"sceneViewState":{"m_AlwaysRefresh":false,"showFog":true,"showSkybox":true,"showFlares":true,"showImageEffects":true,"showParticleSystems":true,"showVisualEffectGraphs":true,"m_FxEnabled":true},"in2DMode":false,"pivot":{"x":0.5118054747581482,"y":2.8099591732025148,"z":-9.821093559265137},"rotation":{"x":0.08552220463752747,"y":-0.9103648066520691,"z":0.23731131851673127,"w":0.32809001207351687},"size":0.03534160181879997,"orthographic":false}