{"cameraMode":{"drawMode":0,"name":"Shaded","section":"Shading Mode"},"sceneLighting":false,"audioPlay":false,"sceneViewState":{"m_AlwaysRefresh":false,"showFog":true,"showSkybox":true,"showFlares":true,"showImageEffects":true,"showParticleSystems":true,"showVisualEffectGraphs":true,"m_FxEnabled":true},"in2DMode":false,"pivot":{"x":3.5636541843414308,"y":2.950659990310669,"z":-115.64956665039063},"rotation":{"x":0.0016067331889644266,"y":-0.9922073483467102,"z":0.12417306751012802,"w":0.012804481200873852},"size":3.9820427894592287,"orthographic":false}