{"cameraMode":{"drawMode":0,"name":"Shaded","section":"Shading Mode"},"sceneLighting":false,"audioPlay":false,"sceneViewState":{"m_AlwaysRefresh":false,"showFog":true,"showSkybox":true,"showFlares":true,"showImageEffects":true,"showParticleSystems":true,"showVisualEffectGraphs":true,"m_FxEnabled":true},"in2DMode":false,"pivot":{"x":-2.2260305881500246,"y":2.304081439971924,"z":-12.190932273864746},"rotation":{"x":0.005225057248026133,"y":-0.9837133884429932,"z":0.17748276889324189,"w":0.028933780267834665},"size":1.1470816135406495,"orthographic":false}