{"cameraMode":{"drawMode":0,"name":"Shaded","section":"Shading Mode"},"sceneLighting":true,"audioPlay":false,"sceneViewState":{"m_AlwaysRefresh":false,"showFog":true,"showSkybox":true,"showFlares":true,"showImageEffects":true,"showParticleSystems":true,"showVisualEffectGraphs":true,"m_FxEnabled":true},"in2DMode":false,"pivot":{"x":-0.8155909776687622,"y":0.4721940755844116,"z":-0.6255698204040527},"rotation":{"x":0.007617047987878323,"y":0.9864735007286072,"z":-0.15666785836219788,"w":0.047994233667850497},"size":2.990044355392456,"orthographic":false}