{"cameraMode":{"drawMode":0,"name":"Shaded","section":"Shading Mode"},"sceneLighting":true,"audioPlay":false,"sceneViewState":{"m_AlwaysRefresh":false,"showFog":true,"showSkybox":true,"showFlares":true,"showImageEffects":true,"showParticleSystems":true,"showVisualEffectGraphs":true,"m_FxEnabled":true},"in2DMode":false,"pivot":{"x":-1.1026160717010499,"y":0.6100753545761108,"z":5.343439102172852},"rotation":{"x":-0.06624113023281098,"y":0.024540388956665994,"z":-0.0016298427945002914,"w":-0.9975013732910156},"size":6.435870170593262,"orthographic":false}