{"cameraMode":{"drawMode":0,"name":"Shaded","section":"Shading Mode"},"sceneLighting":true,"audioPlay":false,"sceneViewState":{"m_AlwaysRefresh":false,"showFog":true,"showSkybox":true,"showFlares":true,"showImageEffects":true,"showParticleSystems":true,"showVisualEffectGraphs":true,"m_FxEnabled":true},"in2DMode":false,"pivot":{"x":-0.36303380131721499,"y":2.7688465118408205,"z":-2.857789993286133},"rotation":{"x":0.36140134930610659,"y":-0.09958727657794953,"z":0.03885829076170921,"w":0.9262780547142029},"size":0.24030837416648866,"orthographic":false}