{"cameraMode":{"drawMode":0,"name":"Shaded","section":"Shading Mode"},"sceneLighting":true,"audioPlay":false,"sceneViewState":{"m_AlwaysRefresh":false,"showFog":true,"showSkybox":true,"showFlares":true,"showImageEffects":true,"showParticleSystems":true,"showVisualEffectGraphs":true,"m_FxEnabled":true},"in2DMode":false,"pivot":{"x":-1.6963597536087037,"y":3.0490236282348635,"z":-8.463996887207032},"rotation":{"x":-0.03802661597728729,"y":-0.7086167931556702,"z":-0.038302890956401828,"w":0.7035293579101563},"size":6.062741279602051,"orthographic":false}