{"cameraMode":{"drawMode":0,"name":"Shaded","section":"Shading Mode"},"sceneLighting":false,"audioPlay":false,"sceneViewState":{"m_AlwaysRefresh":false,"showFog":true,"showSkybox":true,"showFlares":true,"showImageEffects":true,"showParticleSystems":true,"showVisualEffectGraphs":true,"m_FxEnabled":true},"in2DMode":false,"pivot":{"x":-1.8025327920913697,"y":0.9005067348480225,"z":-6.095656394958496},"rotation":{"x":-0.19710353016853333,"y":0.41317638754844668,"z":-0.09209610521793366,"w":-0.8842941522598267},"size":2.6938185691833498,"orthographic":false}