{"cameraMode":{"drawMode":0,"name":"Shaded","section":"Shading Mode"},"sceneLighting":true,"audioPlay":false,"sceneViewState":{"m_AlwaysRefresh":false,"showFog":true,"showSkybox":true,"showFlares":true,"showImageEffects":true,"showParticleSystems":true,"showVisualEffectGraphs":true,"m_FxEnabled":true},"in2DMode":false,"pivot":{"x":1.9063866138458253,"y":-2.0291895866394045,"z":-3.1025514602661135},"rotation":{"x":0.2374689280986786,"y":0.11537645757198334,"z":-0.02840704843401909,"w":0.9641130566596985},"size":6.251769065856934,"orthographic":false}