{"cameraMode":{"drawMode":0,"name":"Shaded","section":"Shading Mode"},"sceneLighting":true,"audioPlay":false,"sceneViewState":{"m_AlwaysRefresh":false,"showFog":true,"showSkybox":true,"showFlares":true,"showImageEffects":true,"showParticleSystems":true,"showVisualEffectGraphs":true,"m_FxEnabled":true},"in2DMode":false,"pivot":{"x":1.1266882419586182,"y":2.3543622493743898,"z":-10.358251571655274},"rotation":{"x":0.12102793157100678,"y":-0.6025615930557251,"z":0.09664549678564072,"w":0.7829102873802185},"size":1.7495768070220948,"orthographic":false}