{"cameraMode":{"drawMode":0,"name":"Shaded","section":"Shading Mode"},"sceneLighting":true,"audioPlay":false,"sceneViewState":{"m_AlwaysRefresh":false,"showFog":true,"showSkybox":true,"showFlares":true,"showImageEffects":true,"showParticleSystems":true,"showVisualEffectGraphs":true,"m_FxEnabled":true},"in2DMode":false,"pivot":{"x":-0.18929338455200196,"y":0.8693399429321289,"z":1.558408260345459},"rotation":{"x":0.12667036056518556,"y":-0.8704003095626831,"z":0.29692894220352175,"w":0.37174302339553835},"size":2.3935863971710207,"orthographic":false}